,level3_con_CATBoost1535756252_val_rmse_fold0,level3_con_CATBoost1535756252_val_rmse_fold1,level3_con_CATBoost1535756252_val_rmse_fold2,level3_con_CATBoost1535756252_val_rmse_fold3,level3_con_CATBoost1535756252_val_rmse_fold4
0,0.244793815563,0.242290263632,0.245499138589,0.244236363333,0.243137139998
0,0.0,0.0,0.0,0.0,0.0
